{
  "chip" : "m5-max",
  "createdAt" : "2026-05-27T16:44:48Z",
  "osVersion" : "26.4.1",
  "rows" : [
    {
      "baselineGPUBytes" : 31405244416,
      "contextSize" : 262144,
      "decodeTokensPerSecond" : 92.10223232635842,
      "generatedTokens" : 64,
      "kvCacheUsedBytes" : 129597440,
      "method" : "simple",
      "model" : "\/Users\/tom\/models\/Qwen3.6-35B-A3B-4bit",
      "outputPreview" : " 1455, 1456, 1457, 1458, 1459, 1460, 1461, 1462, 1463, 1464, 146",
      "peakGPUBytes" : 31415762944,
      "prefillTokensPerSecond" : 213.90086106833246,
      "promptTokens" : 48,
      "quantization" : "4bit",
      "steadyTokensPerSecond" : 92.12155979021612,
      "timeToFirstTokenMs" : 224.4030237197876,
      "weightsBytes" : 19506817536,
      "wiredTicketBytes" : 115448725504
    },
    {
      "baselineGPUBytes" : 31405244416,
      "contextSize" : 262144,
      "decodeTokensPerSecond" : 92.62556231369072,
      "generatedTokens" : 32,
      "kvCacheUsedBytes" : 128471040,
      "method" : "simple",
      "model" : "\/Users\/tom\/models\/Qwen3.6-35B-A3B-4bit",
      "outputPreview" : " The first book to be printed using movable type was the 42-line Bible, also known as the Gutenberg Bible, which was printed by Johannes Gutenberg in Mainz",
      "peakGPUBytes" : 31410749440,
      "prefillTokensPerSecond" : 197.18878258621095,
      "promptTokens" : 25,
      "steadyTokensPerSecond" : 92.70339484948143,
      "timeToFirstTokenMs" : 126.78205966949463,
      "weightsBytes" : 19506817536,
      "wiredTicketBytes" : 115448725504
    },
    {
      "baselineGPUBytes" : 31405244416,
      "contextSize" : 262144,
      "decodeTokensPerSecond" : 92.15779663471066,
      "generatedTokens" : 128,
      "kvCacheUsedBytes" : 134676480,
      "method" : "simple",
      "model" : "\/Users\/tom\/models\/Qwen3.6-35B-A3B-4bit",
      "outputPreview" : "  Based on the text, what is the primary purpose of the passage?  <think> Here's a thinking process:  1.  **Analyze User Input:**    - **Input Text:** A short p",
      "peakGPUBytes" : 31452856320,
      "prefillTokensPerSecond" : 257.1910967257828,
      "promptTokens" : 232,
      "steadyTokensPerSecond" : 92.16453263816872,
      "timeToFirstTokenMs" : 902.0529985427856,
      "weightsBytes" : 19506817536,
      "wiredTicketBytes" : 115448725504
    },
    {
      "baselineGPUBytes" : 31405244416,
      "contextSize" : 262144,
      "decodeTokensPerSecond" : 91.41499001004274,
      "generatedTokens" : 32,
      "kvCacheUsedBytes" : 128471040,
      "method" : "simple",
      "model" : "\/Users\/tom\/models\/Qwen3.6-35B-A3B-4bit",
      "outputPreview" : " The first book to be printed using movable type was the 42-line Bible, also known as the Gutenberg Bible, which was printed by Johannes Gutenberg in Mainz",
      "peakGPUBytes" : 31410749440,
      "prefillTokensPerSecond" : 196.32945758205545,
      "promptTokens" : 25,
      "steadyTokensPerSecond" : 91.60482769746231,
      "timeToFirstTokenMs" : 127.33697891235352,
      "weightsBytes" : 19506817536,
      "wiredTicketBytes" : 115448725504
    },
    {
      "baselineGPUBytes" : 31405244416,
      "contextSize" : 262144,
      "decodeTokensPerSecond" : 92.48501916467842,
      "generatedTokens" : 64,
      "kvCacheUsedBytes" : 130539520,
      "method" : "simple",
      "model" : "\/Users\/tom\/models\/Qwen3.6-35B-A3B-4bit",
      "outputPreview" : " The printing press was invented by Johannes Gutenberg, a German goldsmith, in the 15th century, and it revolutionized the way information was disseminated. The",
      "peakGPUBytes" : 31424806912,
      "prefillTokensPerSecond" : 280.01278103668017,
      "promptTokens" : 94,
      "steadyTokensPerSecond" : 92.54766762874516,
      "timeToFirstTokenMs" : 335.6989622116089,
      "weightsBytes" : 19506817536,
      "wiredTicketBytes" : 115448725504
    },
    {
      "baselineGPUBytes" : 31405244416,
      "contextSize" : 262144,
      "decodeTokensPerSecond" : 92.08659250169724,
      "generatedTokens" : 64,
      "kvCacheUsedBytes" : 130539520,
      "method" : "simple",
      "model" : "\/Users\/tom\/models\/Qwen3.6-35B-A3B-4bit",
      "outputPreview" : " The printing press was invented by Johannes Gutenberg, a German goldsmith, in the 15th century, and it revolutionized the way information was disseminated. The",
      "peakGPUBytes" : 31424675840,
      "prefillTokensPerSecond" : 289.24144219951825,
      "promptTokens" : 94,
      "steadyTokensPerSecond" : 92.05904820356909,
      "timeToFirstTokenMs" : 324.9880075454712,
      "weightsBytes" : 19506817536,
      "wiredTicketBytes" : 115448725504
    },
    {
      "baselineGPUBytes" : 31405244416,
      "contextSize" : 262144,
      "decodeTokensPerSecond" : 92.11866776389165,
      "generatedTokens" : 64,
      "kvCacheUsedBytes" : 130539520,
      "method" : "simple",
      "model" : "\/Users\/tom\/models\/Qwen3.6-35B-A3B-4bit",
      "outputPreview" : " The printing press was invented by Johannes Gutenberg, a German goldsmith, in the 15th century, and it revolutionized the way information was disseminated. The",
      "peakGPUBytes" : 31424675840,
      "prefillTokensPerSecond" : 291.62303651754684,
      "promptTokens" : 94,
      "steadyTokensPerSecond" : 92.14183483114596,
      "timeToFirstTokenMs" : 322.3339319229126,
      "weightsBytes" : 19506817536,
      "wiredTicketBytes" : 115448725504
    },
    {
      "baselineGPUBytes" : 31405244416,
      "contextSize" : 262144,
      "decodeTokensPerSecond" : 91.52729328440702,
      "generatedTokens" : 64,
      "kvCacheUsedBytes" : 130539520,
      "method" : "simple",
      "model" : "\/Users\/tom\/models\/Qwen3.6-35B-A3B-4bit",
      "outputPreview" : " The printing press was invented by Johannes Gutenberg, a German goldsmith, in the 15th century, and it revolutionized the way information was disseminated. The",
      "peakGPUBytes" : 31424675840,
      "prefillTokensPerSecond" : 299.53476089196903,
      "promptTokens" : 94,
      "steadyTokensPerSecond" : 91.42965282009372,
      "timeToFirstTokenMs" : 313.8200044631958,
      "weightsBytes" : 19506817536,
      "wiredTicketBytes" : 115448725504
    },
    {
      "baselineGPUBytes" : 31405244416,
      "contextSize" : 262144,
      "decodeTokensPerSecond" : 92.14957910815177,
      "generatedTokens" : 64,
      "kvCacheUsedBytes" : 130539520,
      "method" : "simple",
      "model" : "\/Users\/tom\/models\/Qwen3.6-35B-A3B-4bit",
      "outputPreview" : " The printing press was invented by Johannes Gutenberg, a German goldsmith, in the 15th century, and it revolutionized the way information was disseminated. The",
      "peakGPUBytes" : 31424675840,
      "prefillTokensPerSecond" : 290.0214435067574,
      "promptTokens" : 94,
      "steadyTokensPerSecond" : 92.13681208566285,
      "timeToFirstTokenMs" : 324.11396503448486,
      "weightsBytes" : 19506817536,
      "wiredTicketBytes" : 115448725504
    },
    {
      "baselineGPUBytes" : 31405244416,
      "contextSize" : 262144,
      "decodeTokensPerSecond" : 92.25730614691376,
      "generatedTokens" : 64,
      "kvCacheUsedBytes" : 130539520,
      "method" : "simple",
      "model" : "\/Users\/tom\/models\/Qwen3.6-35B-A3B-4bit",
      "outputPreview" : " The printing press was invented by Johannes Gutenberg, a German goldsmith, in the 15th century, and it revolutionized the way information was disseminated. The",
      "peakGPUBytes" : 31424675840,
      "prefillTokensPerSecond" : 295.73976163168805,
      "promptTokens" : 94,
      "steadyTokensPerSecond" : 92.29553653619756,
      "timeToFirstTokenMs" : 317.84701347351074,
      "weightsBytes" : 19506817536,
      "wiredTicketBytes" : 115448725504
    },
    {
      "baselineGPUBytes" : 31405244416,
      "contextSize" : 262144,
      "decodeTokensPerSecond" : 91.89618198518147,
      "generatedTokens" : 64,
      "kvCacheUsedBytes" : 130539520,
      "method" : "simple",